,Entry Number,File Name,SMILES,Ered,HOMO,Gsol,Absorption Wavelength
133,133,BTZ-Neutral-wb97xd-1133,CCOCN(C(C)=O)c1c(OC(F)(F)F)c(SC(F)(F)F)c(S(=O)(=O)N(C)C)c2nsnc12,2.51092571,-8.8944048,-0.90938541,341.42
763,763,BTZ-Neutral-wb97xd-1763,CC(=O)N(c1c(OC(F)(F)F)c(C)c(C#N)c2nsnc12)C(F)(F)C(F)(F)F,2.53492493,-9.3771102,-0.64223763,312.9
424,424,BTZ-Neutral-wb97xd-1424,CC(=O)N(c1c(C)c(C(F)(F)F)c(OC(F)(F)F)c2nsnc12)C(F)(F)C(F)(F)F,2.41721447,-9.2862288,-0.49816068,309.58
953,953,BTZ-Neutral-wb97xd-1953,CSc1c(C(F)(F)F)c(SC(F)(F)F)c(N(C(C)=O)C(F)(F)C(F)(F)F)c2nsnc12,2.58779396,-8.5880202,-0.53018685,383.45
1238,1238,BTZ-Neutral-wb97xd-830,CCOCN(C(C)=O)c1c(C(F)(F)F)c(OC)c(OC(F)(F)F)c2nsnc12,2.33071388,-8.8519572,-0.64468653,331.09
1369,1369,BTZ-Neutral-wb97xd-962,CCOCN(C(C)=O)c1c(C#N)c(N(C)C)c(OC(F)(F)F)c2nsnc12,2.28663368,-8.0152497,-0.7888179,401.45
800,800,BTZ-Neutral-wb97xd-1800,COc1c(OC(F)(F)F)c(N(C(C)=O)C(F)(F)C(F)(F)F)c2nsnc2c1SC(F)(F)F,2.30271479,-9.128955,-0.36915807,315.31
1122,1122,BTZ-Neutral-wb97xd-714,CCOCN(C(C)=O)c1c(C)c(C)c([N+](=O)[O-])c2nsnc12,2.16212072,-8.862297,-0.91085475,339.22
350,350,BTZ-Neutral-wb97xd-1350,CCOCN(C(C)=O)c1c(N(C)C)c(C#N)c(Br)c2nsnc12,2.22522071,-7.9662717,-0.89316825,406.69
534,534,BTZ-Neutral-wb97xd-1489,COc1c(N(C)C)c(C)c(N(C(C)=O)C(F)(F)C(F)(F)F)c2nsnc12,1.85769524,-7.768455,-0.6048783,376.71
1089,1089,BTZ-Neutral-wb97xd-2089,CSc1c(N(C)C)c(N(C(C)=O)C(F)(F)C(F)(F)F)c2nsnc2c1[N+](=O)[O-],2.48570204,-8.1142941,-0.6571215,413.88
782,782,BTZ-Neutral-wb97xd-1782,CC(=O)N(c1c(OC(F)(F)F)c(C(F)(F)F)c(S(=O)(=O)N(C)C)c2nsnc12)C(F)(F)C(F)(F)F,2.68958657,-9.3858174,-0.68177376,309.39
1362,1362,BTZ-Neutral-wb97xd-955,CCOCN(C(C)=O)c1c(C#N)c(SC(F)(F)F)c(N(C)C)c2nsnc12,2.31531302,-7.8397452,-0.85839387,424.15
383,383,BTZ-Neutral-wb97xd-1383,CCOCN(C(C)=O)c1c(N(C)C)c(SC)c(Br)c2nsnc12,1.87562663,-7.656894,-0.80691255,389.71
860,860,BTZ-Neutral-wb97xd-1860,CSc1c(C(F)(F)F)c(C)c2nsnc2c1N(C(C)=O)C(F)(F)C(F)(F)F,2.24987297,-8.7061116,-0.53347926,323.87
403,403,BTZ-Neutral-wb97xd-1403,CCOCN(C(C)=O)c1c(N(C)C)c(N(C)C)c(SC)c2nsnc12,1.67737457,-7.3943175,-0.91156221,381.72
761,761,BTZ-Neutral-wb97xd-1761,CC(=O)N(c1c(OC(F)(F)F)c(C)c(C)c2nsnc12)C(F)(F)C(F)(F)F,2.05926692,-8.7771297,-0.53361531,327.02
969,969,BTZ-Neutral-wb97xd-1969,CC(=O)N(c1c(SC(F)(F)F)c(C#N)c(S(=O)(=O)N(C)C)c2nsnc12)C(F)(F)C(F)(F)F,2.92239533,-9.3009222,-0.88878744,330.84
12,12,BTZ-Neutral-wb97xd-1012,CCOCN(C(C)=O)c1c(OC)c(OC)c(S(=O)(=O)N(C)C)c2nsnc12,1.9022108,-8.6410797,-1.11596373,320.18
912,912,BTZ-Neutral-wb97xd-1912,CSc1c(SC)c(N(C(C)=O)C(F)(F)C(F)(F)F)c2nsnc2c1N(C)C,1.96955555,-7.3635702,-0.60539529,441.01
561,561,BTZ-Neutral-wb97xd-1561,CSc1c(C(F)(F)F)c(N(C(C)=O)C(F)(F)C(F)(F)F)c2nsnc2c1[N+](=O)[O-],2.62986062,-9.1188873,-0.58463406,327.48
987,987,BTZ-Neutral-wb97xd-1987,CC(=O)N(c1c(SC(F)(F)F)c(OC(F)(F)F)c(SC(F)(F)F)c2nsnc12)C(F)(F)C(F)(F)F,2.7685772,-9.6707061,-0.4470603,308.82
478,478,BTZ-Neutral-wb97xd-1523,CC(=O)N(c1c(C(F)(F)F)c(C#N)c(OC(F)(F)F)c2nsnc12)C(F)(F)C(F)(F)F,2.73818363,-9.6973719,-0.44700588,303.32
1204,1204,BTZ-Neutral-wb97xd-796,CCOCN(C(C)=O)c1c(C(F)(F)F)c(C)c(OC)c2nsnc12,1.99031678,-8.6669292,-0.76016577,332.4
236,236,BTZ-Neutral-wb97xd-1236,CCOCN(C(C)=O)c1c(SC(F)(F)F)c(C)c(OC)c2nsnc12,2.02231574,-8.4772755,-0.636714,345.89
898,898,BTZ-Neutral-wb97xd-1898,CSc1c(OC(F)(F)F)c(SC)c2nsnc2c1N(C(C)=O)C(F)(F)C(F)(F)F,2.24214533,-8.4906084,-0.47568522,360.23
262,262,BTZ-Neutral-wb97xd-1262,CCOCN(C(C)=O)c1c(SC(F)(F)F)c(C#N)c(Br)c2nsnc12,2.6298062,-8.9526342,-0.65265906,346.81
1279,1279,BTZ-Neutral-wb97xd-871,CCOCN(C(C)=O)c1c(C(F)(F)F)c(N(C)C)c(C(F)(F)F)c2nsnc12,2.30870099,-8.0887167,-0.69842628,394.2
1322,1322,BTZ-Neutral-wb97xd-915,CCOCN(C(C)=O)c1c(C#N)c(OC)c(C(F)(F)F)c2nsnc12,2.43626147,-9.2775216,-0.76476426,319.93
390,390,BTZ-Neutral-wb97xd-1390,CCOCN(C(C)=O)c1c(N(C)C)c(SC(F)(F)F)c(OC)c2nsnc12,1.89110912,-7.6411122,-0.72481998,385.44
725,725,BTZ-Neutral-wb97xd-1725,COc1c(OC(F)(F)F)c(N(C)C)c2nsnc2c1N(C(C)=O)C(F)(F)C(F)(F)F,1.85339606,-7.6212489,-0.47930415,407.69
1231,1231,BTZ-Neutral-wb97xd-823,CCOCN(C(C)=O)c1c(C(F)(F)F)c(C#N)c(N(C)C)c2nsnc12,2.18786138,-7.8702204,-0.86897856,400.86
49,49,BTZ-Neutral-wb97xd-1049,CCOCN(C(C)=O)c1c(OC)c(N(C)C)c(OC)c2nsnc12,1.70814908,-7.5423399,-0.67597803,387.29
1292,1292,BTZ-Neutral-wb97xd-885,CCOCN(C(C)=O)c1c(C#N)c(C)c(OC(F)(F)F)c2nsnc12,2.29387154,-9.0829701,-0.71578626,322.76
1375,1375,BTZ-Neutral-wb97xd-968,CCOCN(C(C)=O)c1c(C#N)c(N(C)C)c(S(=O)(=O)N(C)C)c2nsnc12,2.28320522,-8.0084472,-1.04951691,408.76
382,382,BTZ-Neutral-wb97xd-1382,CCOCN(C(C)=O)c1c(N(C)C)c(SC)c(SC(F)(F)F)c2nsnc12,2.11300667,-7.6933554,-0.70977285,414.16
1162,1162,BTZ-Neutral-wb97xd-754,CCOCN(C(C)=O)c1c(C)c(OC(F)(F)F)c(SC)c2nsnc12,2.02332251,-8.3651703,-0.64833267,356.18
529,529,BTZ-Neutral-wb97xd-1484,CC(=O)N(c1c(C)c(SC(F)(F)F)c([N+](=O)[O-])c2nsnc12)C(F)(F)C(F)(F)F,2.69584487,-9.3885384,-0.61597998,323.09
321,321,BTZ-Neutral-wb97xd-1321,CCOCN(C(C)=O)c1c(N(C)C)c(C)c(C)c2nsnc12,1.63933499,-7.5836991,-0.6761685,371.15
698,698,BTZ-Neutral-wb97xd-1698,COc1c(C#N)c(OC)c2nsnc2c1N(C(C)=O)C(F)(F)C(F)(F)F,2.18152145,-8.4519702,-0.5790288,355.23
1296,1296,BTZ-Neutral-wb97xd-889,CCOCN(C(C)=O)c1c(C#N)c(C)c(N(C)C)c2nsnc12,2.12541443,-7.714035,-0.83273484,427.32
537,537,BTZ-Neutral-wb97xd-1492,CC(=O)N(c1c(C)c(N(C)C)c(SC(F)(F)F)c2nsnc12)C(F)(F)C(F)(F)F,2.07379706,-7.8511734,-0.631272,393.14
528,528,BTZ-Neutral-wb97xd-1483,CC(=O)N(c1c(C)c(SC(F)(F)F)c(N(C)C)c2nsnc12)C(F)(F)C(F)(F)F,2.07121211,-7.72764,-0.61769421,409.45
644,644,BTZ-Neutral-wb97xd-1644,CSc1c(C#N)c(N(C(C)=O)C(F)(F)C(F)(F)F)c2nsnc2c1OC(F)(F)F,2.65149257,-8.9594367,-0.45952248,334.15
927,927,BTZ-Neutral-wb97xd-1927,CSc1c(N(C)C)c(C(F)(F)F)c2nsnc2c1N(C(C)=O)C(F)(F)C(F)(F)F,2.3133539,-8.1189198,-0.62177571,414.12
1380,1380,BTZ-Neutral-wb97xd-973,CCOCN(C(C)=O)c1c(OC)c(C)c(OC(F)(F)F)c2nsnc12,1.96982765,-8.6655687,-0.64724427,325.64
718,718,BTZ-Neutral-wb97xd-1718,COc1c(OC(F)(F)F)c(C(F)(F)F)c2nsnc2c1N(C(C)=O)C(F)(F)C(F)(F)F,2.4562064,-9.3773823,-0.47957625,305.48
414,414,BTZ-Neutral-wb97xd-1414,CSc1c(C)c(C)c(N(C(C)=O)C(F)(F)C(F)(F)F)c2nsnc12,1.87070162,-8.2685748,-0.60822513,350.8
577,577,BTZ-Neutral-wb97xd-1577,COc1c(N(C)C)c(C(F)(F)F)c(N(C(C)=O)C(F)(F)C(F)(F)F)c2nsnc12,2.24851247,-8.1991893,-0.57282492,362.3
587,587,BTZ-Neutral-wb97xd-1587,CC(=O)N(c1c(C#N)c(C)c(C#N)c2nsnc12)C(F)(F)C(F)(F)F,2.83766339,-9.4660869,-0.70136496,323.38
759,759,BTZ-Neutral-wb97xd-1759,COc1c(N(C)C)c([N+](=O)[O-])c2nsnc2c1N(C(C)=O)C(F)(F)C(F)(F)F,2.27558642,-8.0941587,-0.68465802,409.99
764,764,BTZ-Neutral-wb97xd-1764,COc1c(C)c(OC(F)(F)F)c(N(C(C)=O)C(F)(F)C(F)(F)F)c2nsnc12,1.97137862,-8.2274877,-0.39908907,362.44
27,27,BTZ-Neutral-wb97xd-1027,CCOCN(C(C)=O)c1c(OC)c(SC)c(OC)c2nsnc12,1.8665657,-7.9611018,-0.70697022,369.51
460,460,BTZ-Neutral-wb97xd-1505,CC(=O)N(c1c(C(F)(F)F)c(C)c(N(C)C)c2nsnc12)C(F)(F)C(F)(F)F,2.14511447,-7.5826107,-0.58632108,441.83
1207,1207,BTZ-Neutral-wb97xd-799,CCOCN(C(C)=O)c1c(C(F)(F)F)c(C)c(SC(F)(F)F)c2nsnc12,2.25708362,-9.1311318,-0.67244073,317.94
774,774,BTZ-Neutral-wb97xd-1774,CC(=O)N(c1c(OC(F)(F)F)c(C(F)(F)F)c(C#N)c2nsnc12)C(F)(F)C(F)(F)F,2.94073487,-9.5811852,-0.45500562,329.06
48,48,BTZ-Neutral-wb97xd-1048,CCOCN(C(C)=O)c1c(OC)c(N(C)C)c(C#N)c2nsnc12,1.99034399,-7.787502,-0.92799705,383.51
1400,1400,BTZ-Neutral-wb97xd-993,CCOCN(C(C)=O)c1c(OC)c(C#N)c(C#N)c2nsnc12,2.68419899,-9.1060986,-1.01319156,348.32
780,780,BTZ-Neutral-wb97xd-1780,CC(=O)N(c1c(OC(F)(F)F)c(C(F)(F)F)c(N(C)C)c2nsnc12)C(F)(F)C(F)(F)F,2.40839843,-8.4916968,-0.54439047,423.86
204,204,BTZ-Neutral-wb97xd-1204,CCOCN(C(C)=O)c1c(SC)c(SC)c(OC(F)(F)F)c2nsnc12,2.19507203,-8.3458512,-0.61687791,345.39
75,75,BTZ-Neutral-wb97xd-1075,CCOCN(C(C)=O)c1c(OC(F)(F)F)c(C(F)(F)F)c(Br)c2nsnc12,2.44496867,-8.8277403,-0.62218386,341.3
536,536,BTZ-Neutral-wb97xd-1491,CSc1c(N(C)C)c(C)c(N(C(C)=O)C(F)(F)C(F)(F)F)c2nsnc12,1.9079249,-7.7455986,-0.63674121,389.79
1208,1208,BTZ-Neutral-wb97xd-800,CCOCN(C(C)=O)c1c(C(F)(F)F)c(C)c(Br)c2nsnc12,2.24938319,-8.7569943,-0.63298623,330.88
613,613,BTZ-Neutral-wb97xd-1613,CC(=O)N(c1c(C#N)c(C#N)c(SC(F)(F)F)c2nsnc12)C(F)(F)C(F)(F)F,2.94506126,-9.8233542,-0.53015964,312.24
1036,1036,BTZ-Neutral-wb97xd-2036,CC(=O)N(c1c(N(C)C)c(C(F)(F)F)c(C)c2nsnc12)C(F)(F)C(F)(F)F,2.03768939,-7.7758017,-0.5676006,397.25
926,926,BTZ-Neutral-wb97xd-1926,CSc1c(N(C)C)c(C)c2nsnc2c1N(C(C)=O)C(F)(F)C(F)(F)F,1.89829256,-7.735803,-0.62553069,386.38
1226,1226,BTZ-Neutral-wb97xd-818,CCOCN(C(C)=O)c1c(C(F)(F)F)c(C#N)c(OC)c2nsnc12,2.24249906,-8.603802,-0.82459905,342.87
786,786,BTZ-Neutral-wb97xd-1786,COc1c(C#N)c(OC(F)(F)F)c(N(C(C)=O)C(F)(F)C(F)(F)F)c2nsnc12,2.33939387,-8.8037955,-0.5202552,337.47
817,817,BTZ-Neutral-wb97xd-1817,CSc1c(OC(F)(F)F)c(N(C(C)=O)C(F)(F)C(F)(F)F)c2nsnc2c1C(F)(F)F,2.53721057,-8.7703272,-0.55946481,352.31
98,98,BTZ-Neutral-wb97xd-1098,CCOCN(C(C)=O)c1c(OC(F)(F)F)c(OC)c(N(C)C)c2nsnc12,1.86313724,-7.6141743,-0.75437004,408.66
239,239,BTZ-Neutral-wb97xd-1239,CCOCN(C(C)=O)c1c(SC(F)(F)F)c(C)c(SC(F)(F)F)c2nsnc12,2.32048292,-9.0407946,-0.65469981,317.28
1020,1020,BTZ-Neutral-wb97xd-2020,CC(=O)N(c1c(SC(F)(F)F)c(N(C)C)c(SC(F)(F)F)c2nsnc12)C(F)(F)C(F)(F)F,2.47013792,-8.2163316,-0.52294899,397.39
1294,1294,BTZ-Neutral-wb97xd-887,CCOCN(C(C)=O)c1c(C#N)c(C)c(SC(F)(F)F)c2nsnc12,2.41609886,-9.0960309,-0.78100863,330.05
731,731,BTZ-Neutral-wb97xd-1731,COc1c(SC)c(OC)c2nsnc2c1N(C(C)=O)C(F)(F)C(F)(F)F,2.02264226,-8.0111682,-0.61524531,369.03
3,3,BTZ-Neutral-wb97xd-1003,CCOCN(C(C)=O)c1c(OC)c(OC)c(C(F)(F)F)c2nsnc12,1.93246832,-8.7458382,-0.73733658,319.72
404,404,BTZ-Neutral-wb97xd-1404,CCOCN(C(C)=O)c1c(N(C)C)c(N(C)C)c(SC(F)(F)F)c2nsnc12,1.8548654,-7.4887362,-0.87686946,392.52
302,302,BTZ-Neutral-wb97xd-1302,CCOCN(C(C)=O)c1c(SC(F)(F)F)c(SC(F)(F)F)c(OC)c2nsnc12,2.25139673,-8.4239439,-0.59306916,363.06
625,625,BTZ-Neutral-wb97xd-1625,COc1c(C#N)c(N(C(C)=O)C(F)(F)C(F)(F)F)c2nsnc2c1Br,2.54912855,-9.0677325,-0.50724882,334.03
1091,1091,BTZ-Neutral-wb97xd-2091,CC(=O)N(c1c(N(C)C)c(SC(F)(F)F)c(C)c2nsnc12)C(F)(F)C(F)(F)F,2.02212527,-8.0914377,-0.43051662,366.57
1183,1183,BTZ-Neutral-wb97xd-775,CCOCN(C(C)=O)c1c(C)c(SC(F)(F)F)c(OC(F)(F)F)c2nsnc12,2.17817462,-8.8886907,-0.73769031,324.81
258,258,BTZ-Neutral-wb97xd-1258,CCOCN(C(C)=O)c1c(SC(F)(F)F)c(C#N)c(OC)c2nsnc12,2.38244009,-8.5703337,-0.80721186,351.84
920,920,BTZ-Neutral-wb97xd-1920,CSc1c(SC(F)(F)F)c(SC)c2nsnc2c1N(C(C)=O)C(F)(F)C(F)(F)F,2.38333802,-8.3504769,-0.54025455,396.78
131,131,BTZ-Neutral-wb97xd-1131,CCOCN(C(C)=O)c1c(OC(F)(F)F)c(SC(F)(F)F)c(N(C)C)c2nsnc12,2.03396162,-7.7148513,-0.63012918,413.67
573,573,BTZ-Neutral-wb97xd-1573,CC(=O)N(c1c(C(F)(F)F)c(SC(F)(F)F)c(S(=O)(=O)N(C)C)c2nsnc12)C(F)(F)C(F)(F)F,2.59274618,-9.3958851,-0.68781438,301.95
1145,1145,BTZ-Neutral-wb97xd-737,CCOCN(C(C)=O)c1c(C)c(C#N)c(S(=O)(=O)N(C)C)c2nsnc12,2.56333217,-8.9569878,-1.00208988,336.68
51,51,BTZ-Neutral-wb97xd-1051,CCOCN(C(C)=O)c1c(OC)c(N(C)C)c(SC)c2nsnc12,1.72406693,-7.4438397,-0.80059983,405.26
1114,1114,BTZ-Neutral-wb97xd-706,CCOCN(C(C)=O)c1c(C)c(C)c(C(F)(F)F)c2nsnc12,1.96362377,-8.8492362,-0.7115415,311.08
348,348,BTZ-Neutral-wb97xd-1348,CCOCN(C(C)=O)c1c(N(C)C)c(C#N)c(SC)c2nsnc12,2.22200993,-8.0449086,-0.79113075,398.77
142,142,BTZ-Neutral-wb97xd-1142,CCOCN(C(C)=O)c1c(OC(F)(F)F)c(N(C)C)c(N(C)C)c2nsnc12,1.8559538,-7.2490161,-0.61769421,443.6
58,58,BTZ-Neutral-wb97xd-1058,CCOCN(C(C)=O)c1c(OC(F)(F)F)c(C)c(C(F)(F)F)c2nsnc12,2.14677428,-9.0543996,-0.62319063,312.38
866,866,BTZ-Neutral-wb97xd-1866,CSc1c(C(F)(F)F)c(SC(F)(F)F)c2nsnc2c1N(C(C)=O)C(F)(F)C(F)(F)F,2.59440599,-8.590197,-0.45473352,367.13
1092,1092,BTZ-Neutral-wb97xd-2092,CC(=O)N(c1c(N(C)C)c(SC(F)(F)F)c(C(F)(F)F)c2nsnc12)C(F)(F)C(F)(F)F,2.43541796,-8.1186477,-0.45791709,399.44
37,37,BTZ-Neutral-wb97xd-1037,CCOCN(C(C)=O)c1c(OC)c(SC(F)(F)F)c(C#N)c2nsnc12,2.51840846,-8.7608037,-0.70362339,363.69
108,108,BTZ-Neutral-wb97xd-1108,CCOCN(C(C)=O)c1c(OC(F)(F)F)c(OC(F)(F)F)c(Br)c2nsnc12,2.29144985,-8.8846092,-0.62640141,332.19
772,772,BTZ-Neutral-wb97xd-1772,CC(=O)N(c1c(OC(F)(F)F)c(C(F)(F)F)c(C)c2nsnc12)C(F)(F)C(F)(F)F,2.39180033,-9.2707191,-0.48697737,310.42
719,719,BTZ-Neutral-wb97xd-1719,COc1c(OC(F)(F)F)c(C#N)c2nsnc2c1N(C(C)=O)C(F)(F)C(F)(F)F,2.56466546,-9.1790214,-0.58787205,327.81
426,426,BTZ-Neutral-wb97xd-1426,CC(=O)N(c1c(C)c(C(F)(F)F)c(SC(F)(F)F)c2nsnc12)C(F)(F)C(F)(F)F,2.51783705,-9.2693586,-0.5110038,319.81
823,823,BTZ-Neutral-wb97xd-1823,CSc1c(OC(F)(F)F)c(N(C(C)=O)C(F)(F)C(F)(F)F)c2nsnc2c1Br,2.34407399,-8.6416239,-0.56338305,344.7
163,163,BTZ-Neutral-wb97xd-1163,CCOCN(C(C)=O)c1c(SC)c(C(F)(F)F)c(Br)c2nsnc12,2.30695955,-8.4555075,-0.68033163,353.92
961,961,BTZ-Neutral-wb97xd-1961,CC(=O)N(c1c(SC(F)(F)F)c(C#N)c(C#N)c2nsnc12)C(F)(F)C(F)(F)F,3.04644572,-9.8059398,-0.51965658,318.37
558,558,BTZ-Neutral-wb97xd-1558,CSc1c(C(F)(F)F)c(N(C(C)=O)C(F)(F)C(F)(F)F)c2nsnc2c1SC(F)(F)F,2.51786426,-8.6816226,-0.45432537,368.03
1197,1197,BTZ-Neutral-wb97xd-789,CCOCN(C(C)=O)c1c(C)c(N(C)C)c(Br)c2nsnc12,1.8464303,-7.7137629,-0.76653291,381.89
778,778,BTZ-Neutral-wb97xd-1778,CC(=O)N(c1c(OC(F)(F)F)c(C(F)(F)F)c(SC(F)(F)F)c2nsnc12)C(F)(F)C(F)(F)F,2.70523232,-9.5898924,-0.32948589,315.45
623,623,BTZ-Neutral-wb97xd-1623,COc1c(C#N)c(N(C(C)=O)C(F)(F)C(F)(F)F)c2nsnc2c1SC,2.48031446,-8.2876218,-0.63627864,392.79
1232,1232,BTZ-Neutral-wb97xd-824,CCOCN(C(C)=O)c1c(C(F)(F)F)c(C#N)c([N+](=O)[O-])c2nsnc12,3.04737086,-9.4971063,-0.82960569,332.21
493,493,BTZ-Neutral-wb97xd-1538,COc1c(C(F)(F)F)c(N(C(C)=O)C(F)(F)C(F)(F)F)c2nsnc2c1N(C)C,2.05679081,-7.4520027,-0.51448668,450.34
135,135,BTZ-Neutral-wb97xd-1135,CCOCN(C(C)=O)c1c(OC(F)(F)F)c(N(C)C)c(C(F)(F)F)c2nsnc12,2.20990148,-8.2277598,-0.65478144,383.87
1127,1127,BTZ-Neutral-wb97xd-719,CCOCN(C(C)=O)c1c(C)c(C(F)(F)F)c(OC)c2nsnc12,1.96498427,-8.3817684,-0.79442316,348.54
766,766,BTZ-Neutral-wb97xd-1766,CSc1c(C)c(OC(F)(F)F)c(N(C(C)=O)C(F)(F)C(F)(F)F)c2nsnc12,2.0875109,-8.3850336,-0.45538656,358.59
571,571,BTZ-Neutral-wb97xd-1571,CC(=O)N(c1c(C(F)(F)F)c(SC(F)(F)F)c(N(C)C)c2nsnc12)C(F)(F)C(F)(F)F,2.2611107,-7.9121238,-0.55413165,409.99
231,231,BTZ-Neutral-wb97xd-1231,CCOCN(C(C)=O)c1c(SC)c(N(C)C)c([N+](=O)[O-])c2nsnc12,2.22244529,-8.0245011,-0.92971128,416.75
752,752,BTZ-Neutral-wb97xd-1752,COc1c(N(C)C)c(C#N)c2nsnc2c1N(C(C)=O)C(F)(F)C(F)(F)F,2.10772793,-8.0089914,-0.68367846,388.36
598,598,BTZ-Neutral-wb97xd-1598,CC(=O)N(c1c(C#N)c(C(F)(F)F)c(C#N)c2nsnc12)C(F)(F)C(F)(F)F,3.1032602,-9.7996815,-0.62934009,315.3
921,921,BTZ-Neutral-wb97xd-1921,CSc1c(SC(F)(F)F)c(SC(F)(F)F)c2nsnc2c1N(C(C)=O)C(F)(F)C(F)(F)F,2.53027202,-8.5999926,-0.43919661,364.93
707,707,BTZ-Neutral-wb97xd-1707,COc1c(OC)c(C(F)(F)F)c2nsnc2c1N(C(C)=O)C(F)(F)C(F)(F)F,2.09828606,-9.0192987,-0.51171126,309.28
283,283,BTZ-Neutral-wb97xd-1283,CCOCN(C(C)=O)c1c(SC(F)(F)F)c(OC(F)(F)F)c(SC(F)(F)F)c2nsnc12,2.51236784,-9.1490904,-0.5942664,326.09
553,553,BTZ-Neutral-wb97xd-1553,CSc1c(C(F)(F)F)c(N(C(C)=O)C(F)(F)C(F)(F)F)c2nsnc2c1C(F)(F)F,2.62401047,-8.8778067,-0.5420232,348.49
1182,1182,BTZ-Neutral-wb97xd-774,CCOCN(C(C)=O)c1c(C)c(SC(F)(F)F)c(OC)c2nsnc12,1.98977258,-8.1768771,-0.67339308,360.65
1191,1191,BTZ-Neutral-wb97xd-783,CCOCN(C(C)=O)c1c(C)c(N(C)C)c(C(F)(F)F)c2nsnc12,1.99311941,-8.021508,-0.74008479,384.47
1142,1142,BTZ-Neutral-wb97xd-734,CCOCN(C(C)=O)c1c(C)c(C#N)c(Br)c2nsnc12,2.31038801,-8.807877,-0.78909,338.49
1058,1058,BTZ-Neutral-wb97xd-2058,COc1c(N(C)C)c(N(C(C)=O)C(F)(F)C(F)(F)F)c2nsnc2c1C,1.74172622,-7.5962157,-0.58463406,367.35
1021,1021,BTZ-Neutral-wb97xd-2021,CC(=O)N(c1c(SC(F)(F)F)c(N(C)C)c(Br)c2nsnc12)C(F)(F)C(F)(F)F,2.26407659,-8.1080358,-0.45674706,387.73
107,107,BTZ-Neutral-wb97xd-1107,CCOCN(C(C)=O)c1c(OC(F)(F)F)c(OC(F)(F)F)c(SC(F)(F)F)c2nsnc12,2.49163382,-9.1216083,-0.46695081,312.41
1166,1166,BTZ-Neutral-wb97xd-758,CCOCN(C(C)=O)c1c(C)c(OC(F)(F)F)c([N+](=O)[O-])c2nsnc12,2.54262536,-9.0930378,-0.73940454,339.92
693,693,BTZ-Neutral-wb97xd-1693,COc1c(C(F)(F)F)c([N+](=O)[O-])c2nsnc2c1N(C(C)=O)C(F)(F)C(F)(F)F,2.8058549,-9.1811982,-0.5817498,327.76
931,931,BTZ-Neutral-wb97xd-1931,CSc1c(N(C)C)c(SC)c2nsnc2c1N(C(C)=O)C(F)(F)C(F)(F)F,2.08089887,-7.6669617,-0.6636519,420.77
19,19,BTZ-Neutral-wb97xd-1019,CCOCN(C(C)=O)c1c(OC)c(OC(F)(F)F)c(SC(F)(F)F)c2nsnc12,2.20056845,-9.0451482,-0.8211978,311.39
1198,1198,BTZ-Neutral-wb97xd-790,CCOCN(C(C)=O)c1c(C)c(N(C)C)c(N(C)C)c2nsnc12,1.65087203,-7.6198884,-0.74694171,374.71
1174,1174,BTZ-Neutral-wb97xd-766,CCOCN(C(C)=O)c1c(C)c(SC)c(SC(F)(F)F)c2nsnc12,2.06544359,-8.3428581,-0.77670945,356.03
304,304,BTZ-Neutral-wb97xd-1304,CCOCN(C(C)=O)c1c(SC(F)(F)F)c(SC(F)(F)F)c(SC)c2nsnc12,2.31218387,-8.3006826,-0.66123021,394.96
268,268,BTZ-Neutral-wb97xd-1268,CCOCN(C(C)=O)c1c(SC(F)(F)F)c(OC)c(C#N)c2nsnc12,2.5024634,-8.9254242,-0.74345883,347.13
491,491,BTZ-Neutral-wb97xd-1536,COc1c(C(F)(F)F)c(N(C(C)=O)C(F)(F)C(F)(F)F)c2nsnc2c1SC(F)(F)F,2.51185085,-9.2201085,-0.56414493,321.63
495,495,BTZ-Neutral-wb97xd-1450,COc1c(C)c(N(C(C)=O)C(F)(F)C(F)(F)F)c2nsnc2c1N(C)C,1.75130414,-7.3447953,-0.62251038,434.73
198,198,BTZ-Neutral-wb97xd-1198,CCOCN(C(C)=O)c1c(SC)c(OC(F)(F)F)c([N+](=O)[O-])c2nsnc12,2.54787689,-8.6682897,-0.82748331,360.69
1247,1247,BTZ-Neutral-wb97xd-839,CCOCN(C(C)=O)c1c(C(F)(F)F)c(OC(F)(F)F)c(C#N)c2nsnc12,2.74618337,-9.1349412,-0.67031835,335.22
709,709,BTZ-Neutral-wb97xd-1709,COc1c(OC)c(N(C(C)=O)C(F)(F)C(F)(F)F)c2nsnc2c1OC,1.86169511,-8.1997335,-0.62063289,357.79
1172,1172,BTZ-Neutral-wb97xd-764,CCOCN(C(C)=O)c1c(C)c(SC)c(OC(F)(F)F)c2nsnc12,2.08957886,-8.6459775,-0.72345948,324.06
1032,1032,BTZ-Neutral-wb97xd-2032,CC(=O)N(c1c(N(C)C)c(C)c(Br)c2nsnc12)C(F)(F)C(F)(F)F,1.96784132,-7.8413778,-0.61238826,377.98
887,887,BTZ-Neutral-wb97xd-1887,COc1c(SC)c(N(C(C)=O)C(F)(F)C(F)(F)F)c2nsnc2c1SC,2.13110132,-8.4356442,-0.67241352,350.26
791,791,BTZ-Neutral-wb97xd-1791,CC(=O)N(c1c(OC(F)(F)F)c(C#N)c(N(C)C)c2nsnc12)C(F)(F)C(F)(F)F,2.11896566,-7.9385175,-0.5975316,392.35
940,940,BTZ-Neutral-wb97xd-1940,COc1c(C)c(SC(F)(F)F)c(N(C(C)=O)C(F)(F)C(F)(F)F)c2nsnc12,2.18897699,-8.4636705,-0.40254474,359.2
301,301,BTZ-Neutral-wb97xd-1301,CCOCN(C(C)=O)c1c(SC(F)(F)F)c(SC(F)(F)F)c(C#N)c2nsnc12,2.86103678,-9.0263733,-0.60346338,361.21
60,60,BTZ-Neutral-wb97xd-1060,CCOCN(C(C)=O)c1c(OC(F)(F)F)c(C)c(OC)c2nsnc12,1.91048264,-8.2302087,-0.6247416,360.47
1135,1135,BTZ-Neutral-wb97xd-727,CCOCN(C(C)=O)c1c(C)c(C#N)c(C)c2nsnc12,1.97973209,-8.6835273,-0.84176856,328.14
65,65,BTZ-Neutral-wb97xd-1065,CCOCN(C(C)=O)c1c(OC(F)(F)F)c(C)c(N(C)C)c2nsnc12,1.86319166,-7.6149906,-0.63992478,410.58
190,190,BTZ-Neutral-wb97xd-1190,CCOCN(C(C)=O)c1c(SC)c(OC(F)(F)F)c(C(F)(F)F)c2nsnc12,2.33697218,-8.6116929,-0.71023542,342.08
1250,1250,BTZ-Neutral-wb97xd-842,CCOCN(C(C)=O)c1c(C(F)(F)F)c(OC(F)(F)F)c(SC)c2nsnc12,2.34908063,-8.6076114,-0.59385825,358.81
1209,1209,BTZ-Neutral-wb97xd-801,CCOCN(C(C)=O)c1c(C(F)(F)F)c(C)c(N(C)C)c2nsnc12,2.01671048,-7.7200212,-0.69121563,414.72
821,821,BTZ-Neutral-wb97xd-1821,CSc1c(OC(F)(F)F)c(N(C(C)=O)C(F)(F)C(F)(F)F)c2nsnc2c1SC,2.261927,-8.3542863,-0.45854292,371.93
1076,1076,BTZ-Neutral-wb97xd-2076,CC(=O)N(c1c(N(C)C)c(OC(F)(F)F)c(Br)c2nsnc12)C(F)(F)C(F)(F)F,2.15384888,-7.9221915,-0.55987296,392.48
711,711,BTZ-Neutral-wb97xd-1711,COc1c(OC)c(N(C(C)=O)C(F)(F)C(F)(F)F)c2nsnc2c1SC,1.97926952,-8.2209573,-0.58422591,360.82
1073,1073,BTZ-Neutral-wb97xd-2073,CC(=O)N(c1c(N(C)C)c(OC(F)(F)F)c(OC(F)(F)F)c2nsnc12)C(F)(F)C(F)(F)F,2.15129114,-7.9284498,-0.42681606,387.24
941,941,BTZ-Neutral-wb97xd-1941,CC(=O)N(c1c(SC(F)(F)F)c(C)c(OC(F)(F)F)c2nsnc12)C(F)(F)C(F)(F)F,2.40282038,-9.2913987,-0.34888662,312.17
309,309,BTZ-Neutral-wb97xd-1309,CCOCN(C(C)=O)c1c(SC(F)(F)F)c(SC(F)(F)F)c(S(=O)(=O)N(C)C)c2nsnc12,2.50983731,-8.8797114,-0.95131602,349.73
1330,1330,BTZ-Neutral-wb97xd-923,CCOCN(C(C)=O)c1c(C#N)c(OC)c([N+](=O)[O-])c2nsnc12,2.64664919,-9.1575255,-0.77572989,345.31
298,298,BTZ-Neutral-wb97xd-1298,CCOCN(C(C)=O)c1c(SC(F)(F)F)c(SC)c(S(=O)(=O)N(C)C)c2nsnc12,2.35400564,-8.4707451,-0.90897726,361.01
311,311,BTZ-Neutral-wb97xd-1311,CCOCN(C(C)=O)c1c(SC(F)(F)F)c(N(C)C)c(C(F)(F)F)c2nsnc12,2.25256676,-8.1151104,-0.68109351,383.39
223,223,BTZ-Neutral-wb97xd-1223,CCOCN(C(C)=O)c1c(SC)c(N(C)C)c(C(F)(F)F)c2nsnc12,2.12440766,-8.067765,-0.79295382,393.69
1133,1133,BTZ-Neutral-wb97xd-725,CCOCN(C(C)=O)c1c(C)c(C(F)(F)F)c([N+](=O)[O-])c2nsnc12,2.5506251,-9.1488183,-0.71129661,323.7
1358,1358,BTZ-Neutral-wb97xd-951,CCOCN(C(C)=O)c1c(C#N)c(SC(F)(F)F)c(OC(F)(F)F)c2nsnc12,2.7378299,-9.079977,-0.61913634,341.57
255,255,BTZ-Neutral-wb97xd-1255,CCOCN(C(C)=O)c1c(SC(F)(F)F)c(C#N)c(C)c2nsnc12,2.34372026,-9.0715419,-0.80389224,317.19
671,671,BTZ-Neutral-wb97xd-1671,CC(=O)N(c1c(C#N)c(N(C)C)c([N+](=O)[O-])c2nsnc12)C(F)(F)C(F)(F)F,2.70876962,-8.2849008,-0.66204651,433.4
640,640,BTZ-Neutral-wb97xd-1640,CSc1c(C#N)c(N(C(C)=O)C(F)(F)C(F)(F)F)c2nsnc2c1C,2.38780046,-8.7148188,-0.48512709,332.07
1352,1352,BTZ-Neutral-wb97xd-945,CCOCN(C(C)=O)c1c(C#N)c(SC)c([N+](=O)[O-])c2nsnc12,2.72221136,-9.093582,-0.79104912,329.61
1074,1074,BTZ-Neutral-wb97xd-2074,CSc1c(OC(F)(F)F)c(N(C)C)c(N(C(C)=O)C(F)(F)C(F)(F)F)c2nsnc12,2.23819988,-8.1020496,-0.56975019,386.96
56,56,BTZ-Neutral-wb97xd-1056,CCOCN(C(C)=O)c1c(OC)c(N(C)C)c(S(=O)(=O)N(C)C)c2nsnc12,2.046968,-8.0288547,-1.00290618,393.41
330,330,BTZ-Neutral-wb97xd-1330,CCOCN(C(C)=O)c1c(N(C)C)c(C)c([N+](=O)[O-])c2nsnc12,2.20320782,-7.8087258,-0.78400173,416.8
90,90,BTZ-Neutral-wb97xd-1090,CCOCN(C(C)=O)c1c(OC(F)(F)F)c(OC)c(C)c2nsnc12,1.91861843,-8.4799965,-0.64490421,330.82
215,215,BTZ-Neutral-wb97xd-1215,CCOCN(C(C)=O)c1c(SC)c(SC(F)(F)F)c(OC(F)(F)F)c2nsnc12,2.35792388,-8.3956455,-0.70931028,355.41
1317,1317,BTZ-Neutral-wb97xd-910,CCOCN(C(C)=O)c1c(C#N)c(C#N)c(Br)c2nsnc12,2.64471728,-9.2114013,-0.88070607,337.71
520,520,BTZ-Neutral-wb97xd-1475,CC(=O)N(c1c(C)c(SC(F)(F)F)c(C)c2nsnc12)C(F)(F)C(F)(F)F,2.10179615,-8.905833,-0.51818724,316.18
375,375,BTZ-Neutral-wb97xd-1375,CCOCN(C(C)=O)c1c(N(C)C)c(OC(F)(F)F)c(S(=O)(=O)N(C)C)c2nsnc12,2.14454306,-8.0239569,-1.02750402,381.45
81,81,BTZ-Neutral-wb97xd-1081,CCOCN(C(C)=O)c1c(OC(F)(F)F)c(C#N)c(C#N)c2nsnc12,2.95888394,-9.0783444,-0.80318478,361.5
670,670,BTZ-Neutral-wb97xd-1670,CC(=O)N(c1c(C#N)c(N(C)C)c(N(C)C)c2nsnc12)C(F)(F)C(F)(F)F,2.27324636,-7.3537746,-0.60063354,487.49
464,464,BTZ-Neutral-wb97xd-1509,CC(=O)N(c1c(C(F)(F)F)c(C(F)(F)F)c(C(F)(F)F)c2nsnc12)C(F)(F)C(F)(F)F,2.83374515,-9.9607647,-0.39062676,294.92
1004,1004,BTZ-Neutral-wb97xd-2004,CC(=O)N(c1c(SC(F)(F)F)c(SC(F)(F)F)c(C(F)(F)F)c2nsnc12)C(F)(F)C(F)(F)F,2.80441277,-9.547989,-0.35500887,310.36
408,408,BTZ-Neutral-wb97xd-1408,CCOCN(C(C)=O)c1c(N(C)C)c(N(C)C)c(S(=O)(=O)N(C)C)c2nsnc12,1.74588935,-7.5355374,-1.09188288,393.97
986,986,BTZ-Neutral-wb97xd-1986,CSc1c(OC(F)(F)F)c(SC(F)(F)F)c(N(C(C)=O)C(F)(F)C(F)(F)F)c2nsnc12,2.48425991,-8.6974044,-0.54539724,363.48
663,663,BTZ-Neutral-wb97xd-1663,CC(=O)N(c1c(C#N)c(N(C)C)c(C(F)(F)F)c2nsnc12)C(F)(F)C(F)(F)F,2.59337201,-8.4604053,-0.53421393,401.78
1109,1109,BTZ-Neutral-wb97xd-2109,CC(=O)N(c1c(N(C)C)c(N(C)C)c(Br)c2nsnc12)C(F)(F)C(F)(F)F,1.921802,-7.5475098,-0.5763078,387.22
1180,1180,BTZ-Neutral-wb97xd-772,CCOCN(C(C)=O)c1c(C)c(SC(F)(F)F)c(C(F)(F)F)c2nsnc12,2.35011461,-8.9953539,-0.62846937,330.02
480,480,BTZ-Neutral-wb97xd-1525,CC(=O)N(c1c(C(F)(F)F)c(C#N)c(SC(F)(F)F)c2nsnc12)C(F)(F)C(F)(F)F,2.87521319,-9.9022632,-0.44594469,307.48
839,839,BTZ-Neutral-wb97xd-1839,CC(=O)N(c1c(OC(F)(F)F)c(N(C)C)c(C(F)(F)F)c2nsnc12)C(F)(F)C(F)(F)F,2.34810107,-8.1205524,-0.48564408,388.61
820,820,BTZ-Neutral-wb97xd-1820,CSc1c(OC(F)(F)F)c(N(C(C)=O)C(F)(F)C(F)(F)F)c2nsnc2c1OC(F)(F)F,2.37259007,-8.7550896,-0.3550905,338.14
73,73,BTZ-Neutral-wb97xd-1073,CCOCN(C(C)=O)c1c(OC(F)(F)F)c(C(F)(F)F)c(SC)c2nsnc12,2.36780111,-8.6125092,-0.68751507,373.05
386,386,BTZ-Neutral-wb97xd-1386,CCOCN(C(C)=O)c1c(N(C)C)c(SC)c(S(=O)(=O)N(C)C)c2nsnc12,1.98694274,-7.8021954,-1.07566572,400.36
177,177,BTZ-Neutral-wb97xd-1177,CCOCN(C(C)=O)c1c(SC)c(C#N)c(S(=O)(=O)N(C)C)c2nsnc12,2.58194381,-8.587476,-1.05974787,365.62
682,682,BTZ-Neutral-wb97xd-1682,COc1c(C)c([N+](=O)[O-])c2nsnc2c1N(C(C)=O)C(F)(F)C(F)(F)F,2.47215146,-9.2054151,-0.65706708,328.9
1165,1165,BTZ-Neutral-wb97xd-757,CCOCN(C(C)=O)c1c(C)c(OC(F)(F)F)c(N(C)C)c2nsnc12,1.84953224,-7.6628802,-0.67518894,404.56
111,111,BTZ-Neutral-wb97xd-1111,CCOCN(C(C)=O)c1c(OC(F)(F)F)c(OC(F)(F)F)c(S(=O)(=O)N(C)C)c2nsnc12,2.37724298,-8.9773953,-0.92688144,325.91
699,699,BTZ-Neutral-wb97xd-1699,COc1c(C#N)c(OC(F)(F)F)c2nsnc2c1N(C(C)=O)C(F)(F)C(F)(F)F,2.57595761,-9.2954802,-0.57709689,320.06
87,87,BTZ-Neutral-wb97xd-1087,CCOCN(C(C)=O)c1c(OC(F)(F)F)c(C#N)c(N(C)C)c2nsnc12,2.16552197,-7.7431497,-0.82016382,408.98
1339,1339,BTZ-Neutral-wb97xd-932,CCOCN(C(C)=O)c1c(C#N)c(OC(F)(F)F)c(Br)c2nsnc12,2.55356378,-9.1229688,-0.72117384,331.21
680,680,BTZ-Neutral-wb97xd-1680,COc1c(C)c(Br)c2nsnc2c1N(C(C)=O)C(F)(F)C(F)(F)F,2.04337628,-8.7354984,-0.59146377,325.07
167,167,BTZ-Neutral-wb97xd-1167,CCOCN(C(C)=O)c1c(SC)c(C#N)c(C)c2nsnc12,2.14778105,-8.5387701,-0.83730612,334.05
1062,1062,BTZ-Neutral-wb97xd-2062,COc1c(N(C)C)c(N(C(C)=O)C(F)(F)C(F)(F)F)c2nsnc2c1OC(F)(F)F,2.08092608,-8.1352458,-0.59410314,369.81
267,267,BTZ-Neutral-wb97xd-1267,CCOCN(C(C)=O)c1c(SC(F)(F)F)c(OC)c(C(F)(F)F)c2nsnc12,2.3892698,-9.0097752,-0.74996202,321.24
119,119,BTZ-Neutral-wb97xd-1119,CCOCN(C(C)=O)c1c(OC(F)(F)F)c(SC)c(Br)c2nsnc12,2.14462469,-8.6266584,-0.70362339,336.48
1220,1220,BTZ-Neutral-wb97xd-812,CCOCN(C(C)=O)c1c(C(F)(F)F)c(C(F)(F)F)c(N(C)C)c2nsnc12,2.25000902,-7.8593364,-0.77009742,409.27
857,857,BTZ-Neutral-wb97xd-1857,CSc1c(C)c(N(C)C)c2nsnc2c1N(C(C)=O)C(F)(F)C(F)(F)F,1.97219492,-7.414725,-0.63151689,439.89
195,195,BTZ-Neutral-wb97xd-1195,CCOCN(C(C)=O)c1c(SC)c(OC(F)(F)F)c(SC(F)(F)F)c2nsnc12,2.31890474,-8.6250258,-0.71203128,342.91
1102,1102,BTZ-Neutral-wb97xd-2102,CC(=O)N(c1c(N(C)C)c(N(C)C)c(C)c2nsnc12)C(F)(F)C(F)(F)F,1.67353796,-7.4043852,-0.59013048,381.23
1314,1314,BTZ-Neutral-wb97xd-907,CCOCN(C(C)=O)c1c(C#N)c(C#N)c(OC(F)(F)F)c2nsnc12,2.85227516,-9.3490839,-0.71586789,319.32
292,292,BTZ-Neutral-wb97xd-1292,CCOCN(C(C)=O)c1c(SC(F)(F)F)c(SC)c(OC(F)(F)F)c2nsnc12,2.37386894,-8.4914247,-0.568689,349.11
859,859,BTZ-Neutral-wb97xd-1859,CSc1c(C)c(S(=O)(=O)N(C)C)c2nsnc2c1N(C(C)=O)C(F)(F)C(F)(F)F,2.31972104,-8.5695174,-0.8930322,350.67
288,288,BTZ-Neutral-wb97xd-1288,CCOCN(C(C)=O)c1c(SC(F)(F)F)c(SC)c(C)c2nsnc12,2.0643824,-8.3801358,-0.6745359,342.79
1148,1148,BTZ-Neutral-wb97xd-740,CCOCN(C(C)=O)c1c(C)c(OC)c(C#N)c2nsnc12,2.16680084,-8.8930443,-0.86389029,321.59
1385,1385,BTZ-Neutral-wb97xd-978,CCOCN(C(C)=O)c1c(OC)c(C)c([N+](=O)[O-])c2nsnc12,2.34472703,-8.560266,-0.70215405,339.44
636,636,BTZ-Neutral-wb97xd-1636,CC(=O)N(c1c(C#N)c(OC(F)(F)F)c(Br)c2nsnc12)C(F)(F)C(F)(F)F,2.71192598,-9.4247277,-0.41941494,318.77
1113,1113,BTZ-Neutral-wb97xd-705,CCOCN(C(C)=O)c1c(C)c(C)c(C)c2nsnc12,1.68412265,-8.2832682,-0.68180097,335.04
443,443,BTZ-Neutral-wb97xd-1443,COc1c(C)c(N(C(C)=O)C(F)(F)C(F)(F)F)c2nsnc2c1C(F)(F)F,2.01915938,-9.1716747,-0.59331405,299.14
1373,1373,BTZ-Neutral-wb97xd-966,CCOCN(C(C)=O)c1c(C#N)c(N(C)C)c(N(C)C)c2nsnc12,2.13910106,-7.3072455,-0.86013531,479.2
248,248,BTZ-Neutral-wb97xd-1248,CCOCN(C(C)=O)c1c(SC(F)(F)F)c(C(F)(F)F)c(OC(F)(F)F)c2nsnc12,2.55481544,-9.1637838,-0.52572441,310.99
827,827,BTZ-Neutral-wb97xd-1827,CC(=O)N(c1c(OC(F)(F)F)c(SC(F)(F)F)c(C)c2nsnc12)C(F)(F)C(F)(F)F,2.23841756,-9.2225574,-0.40235427,306.81
498,498,BTZ-Neutral-wb97xd-1453,CC(=O)N(c1c(C)c(OC(F)(F)F)c(C)c2nsnc12)C(F)(F)C(F)(F)F,1.95820898,-8.9039283,-0.42491136,311.42
452,452,BTZ-Neutral-wb97xd-1497,CC(=O)N(c1c(C(F)(F)F)c(C)c(C)c2nsnc12)C(F)(F)C(F)(F)F,2.11730585,-8.7994419,-0.43043499,329.9
952,952,BTZ-Neutral-wb97xd-1952,CC(=O)N(c1c(SC(F)(F)F)c(C(F)(F)F)c(OC(F)(F)F)c2nsnc12)C(F)(F)C(F)(F)F,2.67247148,-9.7379148,-0.48692295,297.18
335,335,BTZ-Neutral-wb97xd-1335,CCOCN(C(C)=O)c1c(N(C)C)c(C(F)(F)F)c(OC)c2nsnc12,2.02745843,-7.9439595,-0.64253694,368.5
572,572,BTZ-Neutral-wb97xd-1572,CC(=O)N(c1c(C(F)(F)F)c(SC(F)(F)F)c([N+](=O)[O-])c2nsnc12)C(F)(F)C(F)(F)F,2.90645027,-9.8913792,-0.4451556,312.96
700,700,BTZ-Neutral-wb97xd-1700,COc1c(C#N)c(SC)c2nsnc2c1N(C(C)=O)C(F)(F)C(F)(F)F,2.41364996,-8.4944178,-0.54885291,379.91
804,804,BTZ-Neutral-wb97xd-1804,COc1c(OC(F)(F)F)c(N(C(C)=O)C(F)(F)C(F)(F)F)c2nsnc2c1S(=O)(=O)N(C)C,2.33765243,-9.0813375,-0.69399105,303.55
755,755,BTZ-Neutral-wb97xd-1755,COc1c(N(C)C)c(SC)c2nsnc2c1N(C(C)=O)C(F)(F)C(F)(F)F,1.90368014,-7.7624688,-0.63674121,388.78
368,368,BTZ-Neutral-wb97xd-1368,CCOCN(C(C)=O)c1c(N(C)C)c(OC(F)(F)F)c(OC)c2nsnc12,1.92621002,-7.6139022,-0.68125677,388.85
885,885,BTZ-Neutral-wb97xd-1885,COc1c(SC)c(N(C(C)=O)C(F)(F)C(F)(F)F)c2nsnc2c1OC,2.0616614,-8.269119,-0.62509533,361.17
525,525,BTZ-Neutral-wb97xd-1480,CSc1c(SC(F)(F)F)c(C)c(N(C(C)=O)C(F)(F)C(F)(F)F)c2nsnc12,2.183018,-8.3393208,-0.4794402,382.55
91,91,BTZ-Neutral-wb97xd-1091,CCOCN(C(C)=O)c1c(OC(F)(F)F)c(OC)c(C(F)(F)F)c2nsnc12,2.24930156,-8.9939934,-0.57660711,318.13
904,904,BTZ-Neutral-wb97xd-1904,CSc1c(SC)c(N(C(C)=O)C(F)(F)C(F)(F)F)c2nsnc2c1C,2.05934855,-8.2277598,-0.48501825,343.6
159,159,BTZ-Neutral-wb97xd-1159,CCOCN(C(C)=O)c1c(SC)c(C(F)(F)F)c(OC)c2nsnc12,2.11142849,-8.4361884,-0.64550283,340.26
503,503,BTZ-Neutral-wb97xd-1458,CSc1c(OC(F)(F)F)c(C)c(N(C(C)=O)C(F)(F)C(F)(F)F)c2nsnc12,2.07638201,-8.4819012,-0.47067858,350.53
341,341,BTZ-Neutral-wb97xd-1341,CCOCN(C(C)=O)c1c(N(C)C)c(C(F)(F)F)c([N+](=O)[O-])c2nsnc12,2.57035235,-8.1480345,-0.75869643,401.9
1146,1146,BTZ-Neutral-wb97xd-738,CCOCN(C(C)=O)c1c(C)c(OC)c(C)c2nsnc12,1.74485537,-8.3629935,-0.70234452,332.57
726,726,BTZ-Neutral-wb97xd-1726,COc1c(OC(F)(F)F)c([N+](=O)[O-])c2nsnc2c1N(C(C)=O)C(F)(F)C(F)(F)F,2.73717686,-9.4660869,-0.5784846,326.86
807,807,BTZ-Neutral-wb97xd-1807,CC(=O)N(c1c(OC(F)(F)F)c(OC(F)(F)F)c(C#N)c2nsnc12)C(F)(F)C(F)(F)F,2.81535119,-9.640503,-0.45661101,313.06
280,280,BTZ-Neutral-wb97xd-1280,CCOCN(C(C)=O)c1c(SC(F)(F)F)c(OC(F)(F)F)c(OC)c2nsnc12,2.21681282,-8.5923738,-0.69369174,346.27
620,620,BTZ-Neutral-wb97xd-1620,COc1c(C#N)c(N(C(C)=O)C(F)(F)C(F)(F)F)c2nsnc2c1C#N,2.88016541,-9.5093508,-0.70843956,327.24
634,634,BTZ-Neutral-wb97xd-1634,CSc1c(OC(F)(F)F)c(C#N)c(N(C(C)=O)C(F)(F)C(F)(F)F)c2nsnc12,2.63503052,-8.7093768,-0.6024294,375.95
815,815,BTZ-Neutral-wb97xd-1815,CC(=O)N(c1c(OC(F)(F)F)c(OC(F)(F)F)c(S(=O)(=O)N(C)C)c2nsnc12)C(F)(F)C(F)(F)F,2.59582091,-9.3066363,-0.79768836,310.01
487,487,BTZ-Neutral-wb97xd-1532,COc1c(C(F)(F)F)c(N(C(C)=O)C(F)(F)C(F)(F)F)c2nsnc2c1C#N,2.58779396,-8.9705928,-0.56311095,333.7
632,632,BTZ-Neutral-wb97xd-1632,COc1c(OC(F)(F)F)c(C#N)c(N(C(C)=O)C(F)(F)C(F)(F)F)c2nsnc12,2.5487204,-8.7273354,-0.59538201,360.54
1006,1006,BTZ-Neutral-wb97xd-2006,COc1c(SC(F)(F)F)c(SC(F)(F)F)c(N(C(C)=O)C(F)(F)C(F)(F)F)c2nsnc12,2.30766701,-8.6851599,-0.54784614,349.13
270,270,BTZ-Neutral-wb97xd-1270,CCOCN(C(C)=O)c1c(SC(F)(F)F)c(OC)c(OC(F)(F)F)c2nsnc12,2.20337108,-8.9648787,-0.72691515,320.08
906,906,BTZ-Neutral-wb97xd-1906,CSc1c(SC)c(N(C(C)=O)C(F)(F)C(F)(F)F)c2nsnc2c1C#N,2.62240508,-8.4761871,-0.75205719,398.74
589,589,BTZ-Neutral-wb97xd-1589,CC(=O)N(c1c(C#N)c(C)c(OC(F)(F)F)c2nsnc12)C(F)(F)C(F)(F)F,2.51263994,-9.3256833,-0.5899128,318.84
902,902,BTZ-Neutral-wb97xd-1902,CSc1c(OC(F)(F)F)c([N+](=O)[O-])c2nsnc2c1N(C(C)=O)C(F)(F)C(F)(F)F,2.72463305,-8.9542668,-0.49048746,348.17
1218,1218,BTZ-Neutral-wb97xd-810,CCOCN(C(C)=O)c1c(C(F)(F)F)c(C(F)(F)F)c(SC(F)(F)F)c2nsnc12,2.63424143,-9.0895005,-0.56898831,331.44
1242,1242,BTZ-Neutral-wb97xd-834,CCOCN(C(C)=O)c1c(C(F)(F)F)c(OC)c(N(C)C)c2nsnc12,2.05042367,-7.3880592,-0.70073913,452.12
259,259,BTZ-Neutral-wb97xd-1259,CCOCN(C(C)=O)c1c(SC(F)(F)F)c(C#N)c(OC(F)(F)F)c2nsnc12,2.64381935,-9.2609235,-0.65480865,321.82
1051,1051,BTZ-Neutral-wb97xd-2051,CC(=O)N(c1c(N(C)C)c(C#N)c(OC(F)(F)F)c2nsnc12)C(F)(F)C(F)(F)F,2.55282911,-8.2234062,-0.59913699,406.82
446,446,BTZ-Neutral-wb97xd-1446,COc1c(C)c(N(C(C)=O)C(F)(F)C(F)(F)F)c2nsnc2c1OC(F)(F)F,1.98065723,-8.9607972,-0.54675774,309.99
679,679,BTZ-Neutral-wb97xd-1679,COc1c(C)c(SC(F)(F)F)c2nsnc2c1N(C(C)=O)C(F)(F)C(F)(F)F,2.05385213,-8.9216148,-0.53707098,314.95
126,126,BTZ-Neutral-wb97xd-1126,CCOCN(C(C)=O)c1c(OC(F)(F)F)c(SC(F)(F)F)c(OC)c2nsnc12,2.15316863,-8.2968732,-0.63176178,366.18
336,336,BTZ-Neutral-wb97xd-1336,CCOCN(C(C)=O)c1c(N(C)C)c(C(F)(F)F)c(OC(F)(F)F)c2nsnc12,2.27014442,-8.0476296,-0.64286346,383.16
115,115,BTZ-Neutral-wb97xd-1115,CCOCN(C(C)=O)c1c(OC(F)(F)F)c(SC)c(OC)c2nsnc12,2.04421979,-8.084091,-0.71257548,371.39
325,325,BTZ-Neutral-wb97xd-1325,CCOCN(C(C)=O)c1c(N(C)C)c(C)c(OC(F)(F)F)c2nsnc12,1.80392828,-7.7009742,-0.78753903,379.27
535,535,BTZ-Neutral-wb97xd-1490,CC(=O)N(c1c(C)c(N(C)C)c(OC(F)(F)F)c2nsnc12)C(F)(F)C(F)(F)F,1.98604481,-7.8634179,-0.59655204,379.02
1038,1038,BTZ-Neutral-wb97xd-2038,CC(=O)N(c1c(N(C)C)c(C(F)(F)F)c(C#N)c2nsnc12)C(F)(F)C(F)(F)F,2.65497545,-8.2375554,-0.65698545,429.44
1163,1163,BTZ-Neutral-wb97xd-755,CCOCN(C(C)=O)c1c(C)c(OC(F)(F)F)c(SC(F)(F)F)c2nsnc12,2.20799678,-8.87046,-0.60468783,332.04
1125,1125,BTZ-Neutral-wb97xd-717,CCOCN(C(C)=O)c1c(C)c(C(F)(F)F)c(C(F)(F)F)c2nsnc12,2.37473966,-9.0212034,-0.72256155,320.44
1013,1013,BTZ-Neutral-wb97xd-2013,CC(=O)N(c1c(SC(F)(F)F)c(SC(F)(F)F)c(S(=O)(=O)N(C)C)c2nsnc12)C(F)(F)C(F)(F)F,2.5457273,-9.2845962,-0.68892999,316.77
186,186,BTZ-Neutral-wb97xd-1186,CCOCN(C(C)=O)c1c(SC)c(OC)c(N(C)C)c2nsnc12,1.76175278,-7.4792127,-0.71219454,422.3
584,584,BTZ-Neutral-wb97xd-1584,CC(=O)N(c1c(C(F)(F)F)c(N(C)C)c(S(=O)(=O)N(C)C)c2nsnc12)C(F)(F)C(F)(F)F,2.49288548,-8.0927982,-0.75505029,427.28
435,435,BTZ-Neutral-wb97xd-1435,CC(=O)N(c1c(C)c(C#N)c(OC(F)(F)F)c2nsnc12)C(F)(F)C(F)(F)F,2.49340247,-9.3311253,-0.49432407,314.56
194,194,BTZ-Neutral-wb97xd-1194,CCOCN(C(C)=O)c1c(SC)c(OC(F)(F)F)c(SC)c2nsnc12,2.12013569,-8.3678913,-0.73584003,361.74
181,181,BTZ-Neutral-wb97xd-1181,CCOCN(C(C)=O)c1c(SC)c(OC)c(OC)c2nsnc12,1.8766334,-8.2661259,-0.72873822,347.24
825,825,BTZ-Neutral-wb97xd-1825,CSc1c(OC(F)(F)F)c(N(C(C)=O)C(F)(F)C(F)(F)F)c2nsnc2c1[N+](=O)[O-],2.56711436,-9.0595695,-0.50327616,325.35
101,101,BTZ-Neutral-wb97xd-1101,CCOCN(C(C)=O)c1c(OC(F)(F)F)c(OC(F)(F)F)c(C)c2nsnc12,2.11629908,-8.8176726,-0.61383039,320.39
541,541,BTZ-Neutral-wb97xd-1541,CC(=O)N(c1c(C(F)(F)F)c(OC(F)(F)F)c(C)c2nsnc12)C(F)(F)C(F)(F)F,2.38434479,-9.2522163,-0.4995756,316.1
527,527,BTZ-Neutral-wb97xd-1482,CC(=O)N(c1c(C)c(SC(F)(F)F)c(Br)c2nsnc12)C(F)(F)C(F)(F)F,2.34772013,-9.0497739,-0.56700198,323.29
703,703,BTZ-Neutral-wb97xd-1703,COc1c(C#N)c(N(C)C)c2nsnc2c1N(C(C)=O)C(F)(F)C(F)(F)F,2.04421979,-7.8253239,-0.6954876,397.61
893,893,BTZ-Neutral-wb97xd-1893,CSc1c(OC(F)(F)F)c(C)c2nsnc2c1N(C(C)=O)C(F)(F)C(F)(F)F,2.12691098,-8.6054346,-0.52874472,329.92
88,88,BTZ-Neutral-wb97xd-1088,CCOCN(C(C)=O)c1c(OC(F)(F)F)c(C#N)c([N+](=O)[O-])c2nsnc12,3.10995386,-9.229632,-0.81510276,355.99
862,862,BTZ-Neutral-wb97xd-1862,CSc1c(C(F)(F)F)c(C#N)c2nsnc2c1N(C(C)=O)C(F)(F)C(F)(F)F,2.77986935,-8.8870581,-0.51494925,360.46
891,891,BTZ-Neutral-wb97xd-1891,COc1c(SC)c(N(C(C)=O)C(F)(F)C(F)(F)F)c2nsnc2c1[N+](=O)[O-],2.44856039,-8.6204001,-0.57309702,349.39
579,579,BTZ-Neutral-wb97xd-1579,CSc1c(N(C)C)c(C(F)(F)F)c(N(C(C)=O)C(F)(F)C(F)(F)F)c2nsnc12,2.25180488,-8.1170151,-0.50411967,399.71
1281,1281,BTZ-Neutral-wb97xd-873,CCOCN(C(C)=O)c1c(C(F)(F)F)c(N(C)C)c(OC)c2nsnc12,1.99442549,-8.1355179,-0.76582545,350.68
730,730,BTZ-Neutral-wb97xd-1730,COc1c(SC)c(C#N)c2nsnc2c1N(C(C)=O)C(F)(F)C(F)(F)F,2.47489967,-8.726247,-0.69717462,363.43
547,547,BTZ-Neutral-wb97xd-1547,CC(=O)N(c1c(C(F)(F)F)c(OC(F)(F)F)c(SC(F)(F)F)c2nsnc12)C(F)(F)C(F)(F)F,2.81140574,-9.7370985,-0.42782283,301.3
597,597,BTZ-Neutral-wb97xd-1597,CC(=O)N(c1c(C#N)c(C(F)(F)F)c(C(F)(F)F)c2nsnc12)C(F)(F)C(F)(F)F,2.92147019,-9.8747811,-0.4633863,300.61
201,201,BTZ-Neutral-wb97xd-1201,CCOCN(C(C)=O)c1c(SC)c(SC)c(C(F)(F)F)c2nsnc12,2.3258705,-8.2487115,-0.69200472,372.76
169,169,BTZ-Neutral-wb97xd-1169,CCOCN(C(C)=O)c1c(SC)c(C#N)c(C#N)c2nsnc12,2.797964,-8.8402569,-0.83191854,365.58
47,47,BTZ-Neutral-wb97xd-1047,CCOCN(C(C)=O)c1c(OC)c(N(C)C)c(C(F)(F)F)c2nsnc12,1.94517539,-8.2321134,-0.79518504,363.17
729,729,BTZ-Neutral-wb97xd-1729,COc1c(SC)c(C(F)(F)F)c2nsnc2c1N(C(C)=O)C(F)(F)C(F)(F)F,2.32540793,-8.546661,-0.59521875,344.44
628,628,BTZ-Neutral-wb97xd-1628,COc1c(C#N)c(N(C(C)=O)C(F)(F)C(F)(F)F)c2nsnc2c1S(=O)(=O)N(C)C,2.74308143,-9.1314039,-0.8527614,319.43
1149,1149,BTZ-Neutral-wb97xd-741,CCOCN(C(C)=O)c1c(C)c(OC)c(OC)c2nsnc12,1.76376632,-8.2631328,-0.74849268,342.53
1216,1216,BTZ-Neutral-wb97xd-808,CCOCN(C(C)=O)c1c(C(F)(F)F)c(C(F)(F)F)c(OC(F)(F)F)c2nsnc12,2.45174396,-9.308541,-0.64593819,302.21
840,840,BTZ-Neutral-wb97xd-1840,CC(=O)N(c1c(OC(F)(F)F)c(N(C)C)c(C#N)c2nsnc12)C(F)(F)C(F)(F)F,2.32083665,-8.043276,-0.58340961,402.55
852,852,BTZ-Neutral-wb97xd-1852,COc1c(C)c(SC)c(N(C(C)=O)C(F)(F)C(F)(F)F)c2nsnc12,2.04269603,-8.1570138,-0.61320456,368.39
876,876,BTZ-Neutral-wb97xd-1876,CSc1c(C#N)c(SC)c2nsnc2c1N(C(C)=O)C(F)(F)C(F)(F)F,2.3936234,-8.4530586,-0.60610275,383.06
120,120,BTZ-Neutral-wb97xd-1120,CCOCN(C(C)=O)c1c(OC(F)(F)F)c(SC)c(N(C)C)c2nsnc12,1.95733826,-7.4710497,-0.76092765,432.35
1009,1009,BTZ-Neutral-wb97xd-2009,CC(=O)N(c1c(SC(F)(F)F)c(SC(F)(F)F)c(SC(F)(F)F)c2nsnc12)C(F)(F)C(F)(F)F,2.80797728,-9.3724845,-0.44697867,337.4
777,777,BTZ-Neutral-wb97xd-1777,CSc1c(C(F)(F)F)c(OC(F)(F)F)c(N(C(C)=O)C(F)(F)C(F)(F)F)c2nsnc12,2.51585072,-8.7523686,-0.54893454,377.58
80,80,BTZ-Neutral-wb97xd-1080,CCOCN(C(C)=O)c1c(OC(F)(F)F)c(C#N)c(C(F)(F)F)c2nsnc12,2.7166061,-9.2445975,-0.68969187,333.81
94,94,BTZ-Neutral-wb97xd-1094,CCOCN(C(C)=O)c1c(OC(F)(F)F)c(OC)c(OC(F)(F)F)c2nsnc12,2.21196944,-9.0124962,-0.65986971,312.8
372,372,BTZ-Neutral-wb97xd-1372,CCOCN(C(C)=O)c1c(N(C)C)c(OC(F)(F)F)c(Br)c2nsnc12,2.06971556,-7.7173002,-0.74860152,406.41
925,925,BTZ-Neutral-wb97xd-1925,CSc1c(SC(F)(F)F)c(S(=O)(=O)N(C)C)c2nsnc2c1N(C(C)=O)C(F)(F)C(F)(F)F,2.56066559,-8.5608102,-0.82914312,363.87
1044,1044,BTZ-Neutral-wb97xd-2044,CC(=O)N(c1c(N(C)C)c(C(F)(F)F)c(N(C)C)c2nsnc12)C(F)(F)C(F)(F)F,1.96473938,-7.4166297,-0.63842823,425.91
1043,1043,BTZ-Neutral-wb97xd-2043,CC(=O)N(c1c(N(C)C)c(C(F)(F)F)c(Br)c2nsnc12)C(F)(F)C(F)(F)F,2.30924519,-7.9926654,-0.60808908,418.09
1387,1387,BTZ-Neutral-wb97xd-980,CCOCN(C(C)=O)c1c(OC)c(C(F)(F)F)c(C)c2nsnc12,1.90591136,-8.4631263,-0.68863068,333.75
1271,1271,BTZ-Neutral-wb97xd-863,CCOCN(C(C)=O)c1c(C(F)(F)F)c(SC(F)(F)F)c(OC(F)(F)F)c2nsnc12,2.52202739,-9.2217411,-0.61042914,311.09
900,900,BTZ-Neutral-wb97xd-1900,CSc1c(OC(F)(F)F)c(Br)c2nsnc2c1N(C(C)=O)C(F)(F)C(F)(F)F,2.31985709,-8.6851599,-0.39478989,337.92
